title,tmdb_id,release_year
Practical Magic,6435,1998
Memento,77,2000
Paddington 2,346648,2017
Knives Out,546554,2019
Mad Max: Fury Road,76341,2015
The Princess Bride,2493,1987
Get Out,419430,2017
Inception,27205,2010
Spirited Away,129,2001
The Grand Budapest Hotel,120467,2014
Toy Story,862,1995
Pride & Prejudice,4348,2005
Top Gun: Maverick,361743,2022
The Shawshank Redemption,278,1994
Barbie,346698,2023
Arrival,329865,2016
Coco,354912,2017
Oppenheimer,872585,2023
Crazy Rich Asians,455207,2018
A Quiet Place,447332,2018
Everything Everywhere All at Once,545611,2022
The Lord of the Rings: The Fellowship of the Ring,120,2001
Hereditary,493922,2018
Clueless,9603,1995
Fantastic Mr. Fox,10315,2009
10 Things I Hate About You,,1999
12 Monkeys,,1995
27 Dresses,,2008
50 First Dates,,2004
A Simple Favor,,2018
A Walk in the Clouds,,1995
About Time,,2013
Air,,2023
Along Came Polly,,2004
American Psycho,,2000
An Officer and a Gentleman,,1982
Anywhere But Here,,1999
"Are You There God? It's Me, Margaret.",,2023
Armageddon,,1998
Big Daddy,,1999
Blink Twice,,2024
Blow,,2001
Blue Crush,,2002
Booksmart,,2019
Bridget Jones's Diary,,2001
Bring It On,,2000
Catch Me If You Can,,2002
Chef,,2014
Coherence,,2013
Coyote Ugly,,2000
"Crazy, Stupid, Love",,2011
Crossroads,,2002
Dead Poets Society,,1989
Death Becomes Her,,1992
Deep Water,,2022
"Definitely, Maybe",,2008
Destination Wedding,,2018
Dirty Dancing,,1987
Divine Secrets of the Ya-Ya Sisterhood,,2002
Dogma,,1999
Drop,,2025
Dumb and Dumber,,1994
Dune: Part Two,,2024
Easy A,,2010
Eat Pray Love,,2010
Edward Scissorhands,,1990
Eileen,,2023
Enough Said,,2013
Erin Brockovich,,2000
Eternal Sunshine of the Spotless Mind,,2004
Ex Machina,,2015
Face/Off,,1997
Failure to Launch,,2006
Fatal Attraction,,1987
Flightplan,,2005
Fool's Gold,,2008
Footloose,,1984
Forces of Nature,,1999
Four Weddings and a Funeral,,1994
Fracture,,2007
Freaky Friday,,2003
Freeway,,1996
Frequency,,2000
Friends with Kids,,2012
Game Night,,2018
Go,,1999
Gone Baby Gone,,2007
Gone Girl,,2014
Hanging Up,,2000
He Went That Way,,2023
His Three Daughters,,2023
Hope Floats,,1998
How to Lose a Guy in 10 Days,,2003
I Want You Back,,2022
"I, Tonya",,2017
Inside Man,,2006
It's Complicated,,2009
Jawbreaker,,1999
Jerry Maguire,,1996
Josie and the Pussycats,,2001
Just Like Heaven,,2005
Just Married,,2003
L.A. Confidential,,1997
Leap Year,,2010
Leave the World Behind,,2023
Legally Blonde,,2001
Liar Liar,,1997
Life of Pi,,2012
Little Black Book,,2004
Little Women,,2019
Long Shot,,2019
Looper,,2012
Magnolia,,1999
Maid in Manhattan,,2002
Man Up,,2015
Mean Girls,,2004
Mermaids,,1990
Michael,,1996
Miss Congeniality,,2000
Mona Lisa Smile,,2003
Monster-in-Law,,2005
Monte Carlo,,2011
Moonstruck,,1987
Morning Glory,,2010
Mother of the Bride,,2024
Mr. Deeds,,2002
Mrs. Doubtfire,,1993
Mulholland Drive,,2001
Music and Lyrics,,2007
My Best Friend's Wedding,,1997
My Cousin Vinny,,1992
Mystic Pizza,,1988
National Treasure,,2004
Never Been Kissed,,1999
Nightcrawler,,2014
No Hard Feelings,,2023
Notting Hill,,1999
Ocean's Eleven,,2001
Ocean's Thirteen,,2007
Office Space,,1999
Palm Springs,,2020
Panic Room,,2002
Phenomenon,,1996
Plus One,,2019
Predestination,,2014
Presumed Innocent,,1990
Primal Fear,,1996
Prisoners,,2013
Pulp Fiction,,1994
Punch-Drunk Love,,2002
Ready Player One,,2018
Reality,,2023
Reality Bites,,1994
Red Eye,,2005
Risky Business,,1983
Romy and Michele's High School Reunion,,1997
Rumor Has It...,,2005
Runaway Bride,,1999
Save the Last Dance,,2001
Say Anything,,1989
Scent of a Woman,,1992
Se7en,,1995
Serendipity,,2001
Set It Up,,2018
She's All That,,1999
Shutter Island,,2010
Sister Act,,1992
Sleeping with Other People,,2015
Sleepless in Seattle,,1993
Sneakers,,1992
Some Kind of Wonderful,,1987
Something's Gotta Give,,2003
Source Code,,2011
Spaceman,,2024
Speed,,1994
St. Elmo's Fire,,1985
Steel Magnolias,,1989
Stepmom,,1998
Sweet Home Alabama,,2002
Terms of Endearment,,1983
That Thing You Do,,1996
The Adjustment Bureau,,2011
The Age of Adaline,,2015
The American President,,1995
The Batman,,2022
The Big Sick,,2017
The Birdcage,,1996
The Butterfly Effect,,2004
The Client,,1994
The Departed,,2006
The Descendants,,2011
The Devil Wears Prada,,2006
The Family Stone,,2005
The Firm,,1993
The First Wives Club,,1996
The Fugitive,,1993
The Game,,1997
The Gift,,2015
The Girl with the Dragon Tattoo,,2011
The Good Girl,,2002
The Guest,,2014
The Holiday,,2006
The Housemaid,,2025
The Hunger Games,,2012
The Idea of You,,2024
The Insider,,1999
The Intern,,2015
The Invisible Man,,2020
The Lake House,,2006
The Lincoln Lawyer,,2011
The Others,,2001
The Pelican Brief,,1993
The Prestige,,2006
The Proposal,,2009
The Sisterhood of the Traveling Pants,,2005
The Talented Mr. Ripley,,1999
The Terminal,,2004
The Truman Show,,1998
The Ugly Truth,,2009
The Usual Suspects,,1995
The Vow,,2012
The Wedding Date,,2005
The Wedding Planner,,2001
The Wedding Singer,,1998
This Is 40,,2012
This Means War,,2012
Ticket to Paradise,,2022
Total Recall,,1990
Trading Places,,1983
Twins,,1988
Two Weeks Notice,,2002
Uptown Girls,,2003
What Dreams May Come,,1998
What Happens in Vegas,,2008
What If,,2013
What Lies Beneath,,2000
What Women Want,,2000
When Harry Met Sally,,1989
Where the Crawdads Sing,,2022
Where the Heart Is,,2000
While You Were Sleeping,,1995
Wonder Woman,,2017
You've Got Mail,,1998
Zodiac,,2007
Zoolander,,2001
